epoch,loss
0,8.6824338392665
1,6.242598816752434
