epoch,loss
0,12.222165066334936
1,5.795528666012817
2,5.042494462182124
3,4.7220587109525995
4,4.515212078061369
